{"cameraMode":{"drawMode":0,"name":"Shaded","section":"Shading Mode"},"sceneLighting":false,"audioPlay":false,"sceneViewState":{"showFog":true,"showMaterialUpdate":false,"showSkybox":false,"showFlares":true,"showImageEffects":true,"showParticleSystems":true},"in2DMode":false,"pivot":{"x":0.05446816235780716,"y":0.16562287509441377,"z":0.5527228713035584},"rotation":{"x":0.01803372986614704,"y":-0.6703990697860718,"z":0.016298962756991388,"w":0.7416159510612488},"size":0.22717708349227906,"orthographic":false}