{"cameraMode":{"drawMode":0,"name":"Shaded","section":"Shading Mode"},"sceneLighting":false,"audioPlay":false,"sceneViewState":{"showFog":true,"showMaterialUpdate":false,"showSkybox":false,"showFlares":true,"showImageEffects":true,"showParticleSystems":true},"in2DMode":false,"pivot":{"x":4.76837158203125e-7,"y":3.1316001415252687,"z":-4.76837158203125e-7},"rotation":{"x":0.08106102794408798,"y":0.7594091892242432,"z":-0.09643197804689408,"w":0.638322114944458},"size":5.273227691650391,"orthographic":false}